{
    "name": "lootsheetnpc5e",
    "title": "Loot Sheet NPC 5e",
    "description": "Add NPC sheet for looting and trading. Now with automatic npc token population options.",
    "version": "3.4.5.2",
    "manifestPlusVersion": "1.2.0",
    "minimumCoreVersion": "0.8.9",
    "compatibleCoreVersion": "0.9.0",
    "authors": [
        {
            "name": "Jan Ole Peek | ChalkOne",
            "url": "https://github.com/jopeek"
        },
        {
            "name": "Charles Miller | Kage",
            "url": "https://github.com/KageJittai"
        },
        {
            "name": "NonstickPanda",
            "url": "https://github.com/Nonstick-Panda"
        },
        {
            "name": "Daniel Böttner | JackPrince#0494",
            "url": "https://github.com/DanielBoettner/"
        },
        {
            "name": "Kevin Brammer Striky",
            "url": ""
        }
    ],
    "packs": [
        {
            "name": "LootsheetNPC5e Rolltables",
            "label": "LootsheetNPC5e Rolltables",
            "system": "dnd5e",
            "path": "./packs/lootsheetnpc5e_rolltables.db",
            "entity": "RollTable"
        },
        {
            "name": "LootsheetNPC5e Macros",
            "label": "LootsheetNPC5e Macros",
            "system": "dnd5e",
            "path": "./packs/lootsheetnpc5e_macros.db",
            "entity": "Macro"
        }
    ],
    "languages": [
        {
            "lang": "en",
            "name": "English",
            "path": "./lang/en.json"
        },
        {
            "lang": "de",
            "name": "German (Deutsch)",
            "path": "./lang/de.json"
        },
        {
            "lang": "fr",
            "name": "French (Français)",
            "path": "./lang/fr.json"
        },
        {
            "lang": "pt-BR",
            "name": "Português (Brasil)",
            "path": "./lang/pt.json"
        },
        {
            "lang": "ja",
            "name": "日本語",
            "path": "./lang/ja.json"
        }
    ],
    "dependencies": [
        {
            "name": "better-rolltables",
            "type": "module",
            "manifest": "https://raw.githubusercontent.com/ultrakorne/better-rolltables/master/module.json"
        }
    ],
    "system": [
        "dnd5e"
    ],
    "esmodules": [
        "/lootsheetnpc5e.js"
    ],
    "styles": [
        "/styles/lootsheetNPC5e.css"
    ],
    "socket": true,
    "url": "https://github.com/jopeek/fvtt-loot-sheet-npc-5e",
    "manifest": "https://raw.githubusercontent.com/jopeek/fvtt-loot-sheet-npc-5e/master/module.json",
    "download": "https://github.com/jopeek/fvtt-loot-sheet-npc-5e/releases/nightly-3.4.5.2/download/lootsheetnpc5e.zip"
}